reviewText,Positive
The instructor was approachable and willing to clarify doubts.,1
The grading system was unclear and felt unfair.,0
The grading system was unclear and felt unfair.,0
The teaching methods were interactive and kept me engaged throughout.,1
Exams were fair and covered the material taught.,1
Exams were fair and covered the material taught.,1
Supplementary materials provided were very helpful.,1
Exams were fair and covered the material taught.,1
"Overall, the course met my expectations and I learned a lot.",1
The course content was comprehensive and well-structured.,1
The course content was comprehensive and well-structured.,1
The grading system was unclear and felt unfair.,0
Some topics were rushed and not explained thoroughly.,0
The instructor was approachable and willing to clarify doubts.,1
The course content was comprehensive and well-structured.,1
The teaching methods were interactive and kept me engaged throughout.,1
The assignments were too difficult and not aligned with the material taught.,0
"The course lacked practical examples, making it harder to understand concepts.",0
Exams were fair and covered the material taught.,1
The grading system was unclear and felt unfair.,0
"The online platform was frequently down, causing interruptions.",0
"The course lacked practical examples, making it harder to understand concepts.",0
The course content was comprehensive and well-structured.,1
The instructor was knowledgeable and explained concepts clearly.,1
Group discussions were engaging and facilitated deeper learning.,1
The instructor was often unprepared and lectures were disorganized.,0
The assignments were too difficult and not aligned with the material taught.,0
The instructor was approachable and willing to clarify doubts.,1
"The online platform was frequently down, causing interruptions.",0
Group discussions were engaging and facilitated deeper learning.,1
The assignments were too difficult and not aligned with the material taught.,0
Supplementary materials provided were very helpful.,1
Assignments were relevant and helped in understanding the subject better.,1
The course content was comprehensive and well-structured.,1
Supplementary materials provided were very helpful.,1
Exams were fair and covered the material taught.,1
Feedback on assignments was delayed and lacked constructive comments.,0
The pace of the course was appropriate and allowed me to follow along easily.,1
Supplementary materials provided were very helpful.,1
The grading system was unclear and felt unfair.,0
Group discussions were engaging and facilitated deeper learning.,1
"The online platform was frequently down, causing interruptions.",0
Some topics were rushed and not explained thoroughly.,0
Supplementary materials provided were very helpful.,1
The teaching methods were interactive and kept me engaged throughout.,1
Supplementary materials provided were very helpful.,1
"The online platform was frequently down, causing interruptions.",0
Assignments were relevant and helped in understanding the subject better.,1
Supplementary materials provided were very helpful.,1
The lectures were monotonous and failed to capture my interest.,0
The pace of the course was appropriate and allowed me to follow along easily.,1
The grading system was unclear and felt unfair.,0
The teaching methods were interactive and kept me engaged throughout.,1
"Overall, the course met my expectations and I learned a lot.",1
Exams were fair and covered the material taught.,1
Group discussions were engaging and facilitated deeper learning.,1
"Overall, the course met my expectations and I learned a lot.",1
Feedback on assignments was delayed and lacked constructive comments.,0
The instructor was approachable and willing to clarify doubts.,1
The instructor was often unprepared and lectures were disorganized.,0
"There were frequent changes to the schedule, causing confusion.",0
The instructor was approachable and willing to clarify doubts.,1
The assignments were too difficult and not aligned with the material taught.,0
Group discussions were engaging and facilitated deeper learning.,1
"Overall, the course met my expectations and I learned a lot.",1
The assignments were too difficult and not aligned with the material taught.,0
Group discussions were engaging and facilitated deeper learning.,1
Feedback on assignments was delayed and lacked constructive comments.,0
"Overall, the course met my expectations and I learned a lot.",1
The instructor was approachable and willing to clarify doubts.,1
"The course lacked practical examples, making it harder to understand concepts.",0
The course content was comprehensive and well-structured.,1
Some topics were rushed and not explained thoroughly.,0
The pace of the course was appropriate and allowed me to follow along easily.,1
"There were frequent changes to the schedule, causing confusion.",0
Feedback on assignments was delayed and lacked constructive comments.,0
The assignments were too difficult and not aligned with the material taught.,0
The teaching methods were interactive and kept me engaged throughout.,1
The teaching methods were interactive and kept me engaged throughout.,1
Some topics were rushed and not explained thoroughly.,0
The grading system was unclear and felt unfair.,0
"There were frequent changes to the schedule, causing confusion.",0
The pace of the course was appropriate and allowed me to follow along easily.,1
The pace of the course was appropriate and allowed me to follow along easily.,1
Feedback on assignments was delayed and lacked constructive comments.,0
The teaching methods were interactive and kept me engaged throughout.,1
The pace of the course was appropriate and allowed me to follow along easily.,1
"The online platform was frequently down, causing interruptions.",0
The instructor was often unprepared and lectures were disorganized.,0
The instructor was approachable and willing to clarify doubts.,1
The instructor was approachable and willing to clarify doubts.,1
The teaching methods were interactive and kept me engaged throughout.,1
The instructor was knowledgeable and explained concepts clearly.,1
Some topics were rushed and not explained thoroughly.,0
"Overall, the course met my expectations and I learned a lot.",1
Exams were fair and covered the material taught.,1
The teaching methods were interactive and kept me engaged throughout.,1
The lectures were monotonous and failed to capture my interest.,0
"The online platform was frequently down, causing interruptions.",0
Exams were fair and covered the material taught.,1
The course content was comprehensive and well-structured.,1
The pace of the course was appropriate and allowed me to follow along easily.,1
Some topics were rushed and not explained thoroughly.,0
Group discussions were engaging and facilitated deeper learning.,1
"The course lacked practical examples, making it harder to understand concepts.",0
Feedback on assignments was delayed and lacked constructive comments.,0
Feedback on assignments was delayed and lacked constructive comments.,0
Supplementary materials provided were very helpful.,1
The pace of the course was appropriate and allowed me to follow along easily.,1
The lectures were monotonous and failed to capture my interest.,0
The instructor was knowledgeable and explained concepts clearly.,1
"Overall, the course met my expectations and I learned a lot.",1
The instructor was knowledgeable and explained concepts clearly.,1
"Overall, the course met my expectations and I learned a lot.",1
The lectures were monotonous and failed to capture my interest.,0
The instructor was approachable and willing to clarify doubts.,1
The instructor was approachable and willing to clarify doubts.,1
Supplementary materials provided were very helpful.,1
"The online platform was frequently down, causing interruptions.",0
The assignments were too difficult and not aligned with the material taught.,0
The instructor was often unprepared and lectures were disorganized.,0
"The online platform was frequently down, causing interruptions.",0
"The course lacked practical examples, making it harder to understand concepts.",0
Assignments were relevant and helped in understanding the subject better.,1
The course content was comprehensive and well-structured.,1
The instructor was often unprepared and lectures were disorganized.,0
"Overall, the course met my expectations and I learned a lot.",1
The teaching methods were interactive and kept me engaged throughout.,1
The assignments were too difficult and not aligned with the material taught.,0
Feedback on assignments was delayed and lacked constructive comments.,0
"Overall, the course met my expectations and I learned a lot.",1
"There were frequent changes to the schedule, causing confusion.",0
The instructor was not very approachable and seemed dismissive of questions.,0
Assignments were relevant and helped in understanding the subject better.,1
The instructor was knowledgeable and explained concepts clearly.,1
The instructor was often unprepared and lectures were disorganized.,0
Supplementary materials provided were very helpful.,1
The lectures were monotonous and failed to capture my interest.,0
Assignments were relevant and helped in understanding the subject better.,1
Supplementary materials provided were very helpful.,1
"The online platform was frequently down, causing interruptions.",0
The assignments were too difficult and not aligned with the material taught.,0
The instructor was knowledgeable and explained concepts clearly.,1
"Overall, the course met my expectations and I learned a lot.",1
"The course lacked practical examples, making it harder to understand concepts.",0
Feedback on assignments was delayed and lacked constructive comments.,0
Group discussions were engaging and facilitated deeper learning.,1
"The online platform was frequently down, causing interruptions.",0
Supplementary materials provided were very helpful.,1
Supplementary materials provided were very helpful.,1
Supplementary materials provided were very helpful.,1
The instructor was not very approachable and seemed dismissive of questions.,0
"The online platform was frequently down, causing interruptions.",0
The instructor was approachable and willing to clarify doubts.,1
"Overall, the course met my expectations and I learned a lot.",1
Some topics were rushed and not explained thoroughly.,0
Assignments were relevant and helped in understanding the subject better.,1
Group discussions were engaging and facilitated deeper learning.,1
The instructor was approachable and willing to clarify doubts.,1
The pace of the course was appropriate and allowed me to follow along easily.,1
The instructor was knowledgeable and explained concepts clearly.,1
Exams were fair and covered the material taught.,1
"Overall, the course met my expectations and I learned a lot.",1
"The course lacked practical examples, making it harder to understand concepts.",0
Assignments were relevant and helped in understanding the subject better.,1
The instructor was not very approachable and seemed dismissive of questions.,0
The instructor was approachable and willing to clarify doubts.,1
"The course lacked practical examples, making it harder to understand concepts.",0
The pace of the course was appropriate and allowed me to follow along easily.,1
The assignments were too difficult and not aligned with the material taught.,0
Supplementary materials provided were very helpful.,1
Feedback on assignments was delayed and lacked constructive comments.,0
Feedback on assignments was delayed and lacked constructive comments.,0
The course content was comprehensive and well-structured.,1
The instructor was approachable and willing to clarify doubts.,1
The course content was comprehensive and well-structured.,1
The course content was comprehensive and well-structured.,1
"The course lacked practical examples, making it harder to understand concepts.",0
The instructor was knowledgeable and explained concepts clearly.,1
"There were frequent changes to the schedule, causing confusion.",0
Exams were fair and covered the material taught.,1
The pace of the course was appropriate and allowed me to follow along easily.,1
The pace of the course was appropriate and allowed me to follow along easily.,1
Exams were fair and covered the material taught.,1
The teaching methods were interactive and kept me engaged throughout.,1
Group discussions were engaging and facilitated deeper learning.,1
"The online platform was frequently down, causing interruptions.",0
"Overall, the course met my expectations and I learned a lot.",1
"Overall, the course met my expectations and I learned a lot.",1
The instructor was knowledgeable and explained concepts clearly.,1
The assignments were too difficult and not aligned with the material taught.,0
Some topics were rushed and not explained thoroughly.,0
"The online platform was frequently down, causing interruptions.",0
The course content was comprehensive and well-structured.,1
Group discussions were engaging and facilitated deeper learning.,1
The teaching methods were interactive and kept me engaged throughout.,1
Supplementary materials provided were very helpful.,1
Group discussions were engaging and facilitated deeper learning.,1
The instructor was knowledgeable and explained concepts clearly.,1
The instructor was often unprepared and lectures were disorganized.,0
The instructor was not very approachable and seemed dismissive of questions.,0
The grading system was unclear and felt unfair.,0
The grading system was unclear and felt unfair.,0
The instructor was often unprepared and lectures were disorganized.,0
The assignments were too difficult and not aligned with the material taught.,0
The instructor was not very approachable and seemed dismissive of questions.,0
The pace of the course was appropriate and allowed me to follow along easily.,1
Assignments were relevant and helped in understanding the subject better.,1
Feedback on assignments was delayed and lacked constructive comments.,0
The instructor was knowledgeable and explained concepts clearly.,1
The course content was comprehensive and well-structured.,1
Exams were fair and covered the material taught.,1
Feedback on assignments was delayed and lacked constructive comments.,0
"The online platform was frequently down, causing interruptions.",0
"The course lacked practical examples, making it harder to understand concepts.",0
Supplementary materials provided were very helpful.,1
Assignments were relevant and helped in understanding the subject better.,1
Exams were fair and covered the material taught.,1
Supplementary materials provided were very helpful.,1
Exams were fair and covered the material taught.,1
Supplementary materials provided were very helpful.,1
The course content was comprehensive and well-structured.,1
"Overall, the course met my expectations and I learned a lot.",1
"The online platform was frequently down, causing interruptions.",0
The pace of the course was appropriate and allowed me to follow along easily.,1
"The online platform was frequently down, causing interruptions.",0
The lectures were monotonous and failed to capture my interest.,0
"The online platform was frequently down, causing interruptions.",0
The grading system was unclear and felt unfair.,0
The teaching methods were interactive and kept me engaged throughout.,1
The lectures were monotonous and failed to capture my interest.,0
"Overall, the course met my expectations and I learned a lot.",1
The course content was comprehensive and well-structured.,1
"There were frequent changes to the schedule, causing confusion.",0
The assignments were too difficult and not aligned with the material taught.,0
The instructor was approachable and willing to clarify doubts.,1
The lectures were monotonous and failed to capture my interest.,0
"Overall, the course met my expectations and I learned a lot.",1
The instructor was approachable and willing to clarify doubts.,1
Group discussions were engaging and facilitated deeper learning.,1
Exams were fair and covered the material taught.,1
"Overall, the course met my expectations and I learned a lot.",1
The instructor was often unprepared and lectures were disorganized.,0
The grading system was unclear and felt unfair.,0
Assignments were relevant and helped in understanding the subject better.,1
The instructor was approachable and willing to clarify doubts.,1
The lectures were monotonous and failed to capture my interest.,0
The pace of the course was appropriate and allowed me to follow along easily.,1
The instructor was approachable and willing to clarify doubts.,1
The teaching methods were interactive and kept me engaged throughout.,1
"The online platform was frequently down, causing interruptions.",0
The instructor was not very approachable and seemed dismissive of questions.,0
Group discussions were engaging and facilitated deeper learning.,1
"The online platform was frequently down, causing interruptions.",0
Feedback on assignments was delayed and lacked constructive comments.,0
"The course lacked practical examples, making it harder to understand concepts.",0
The instructor was knowledgeable and explained concepts clearly.,1
The instructor was approachable and willing to clarify doubts.,1
The instructor was knowledgeable and explained concepts clearly.,1
Supplementary materials provided were very helpful.,1
Some topics were rushed and not explained thoroughly.,0
The grading system was unclear and felt unfair.,0
"The course lacked practical examples, making it harder to understand concepts.",0
Some topics were rushed and not explained thoroughly.,0
Some topics were rushed and not explained thoroughly.,0
The assignments were too difficult and not aligned with the material taught.,0
The assignments were too difficult and not aligned with the material taught.,0
Group discussions were engaging and facilitated deeper learning.,1
The instructor was not very approachable and seemed dismissive of questions.,0
Assignments were relevant and helped in understanding the subject better.,1
The instructor was not very approachable and seemed dismissive of questions.,0
The pace of the course was appropriate and allowed me to follow along easily.,1
The instructor was not very approachable and seemed dismissive of questions.,0
The instructor was often unprepared and lectures were disorganized.,0
The instructor was not very approachable and seemed dismissive of questions.,0
The instructor was not very approachable and seemed dismissive of questions.,0
Assignments were relevant and helped in understanding the subject better.,1
The instructor was knowledgeable and explained concepts clearly.,1
The instructor was approachable and willing to clarify doubts.,1
The grading system was unclear and felt unfair.,0
Some topics were rushed and not explained thoroughly.,0
The course content was comprehensive and well-structured.,1
The grading system was unclear and felt unfair.,0
The assignments were too difficult and not aligned with the material taught.,0
Group discussions were engaging and facilitated deeper learning.,1
Group discussions were engaging and facilitated deeper learning.,1
Assignments were relevant and helped in understanding the subject better.,1
Feedback on assignments was delayed and lacked constructive comments.,0
The grading system was unclear and felt unfair.,0
"There were frequent changes to the schedule, causing confusion.",0
The lectures were monotonous and failed to capture my interest.,0
"There were frequent changes to the schedule, causing confusion.",0
The grading system was unclear and felt unfair.,0
The assignments were too difficult and not aligned with the material taught.,0
"There were frequent changes to the schedule, causing confusion.",0
The instructor was knowledgeable and explained concepts clearly.,1
"Overall, the course met my expectations and I learned a lot.",1
Some topics were rushed and not explained thoroughly.,0
The instructor was not very approachable and seemed dismissive of questions.,0
The instructor was approachable and willing to clarify doubts.,1
The teaching methods were interactive and kept me engaged throughout.,1
"The online platform was frequently down, causing interruptions.",0
"There were frequent changes to the schedule, causing confusion.",0
The lectures were monotonous and failed to capture my interest.,0
The pace of the course was appropriate and allowed me to follow along easily.,1
Feedback on assignments was delayed and lacked constructive comments.,0
Supplementary materials provided were very helpful.,1
The assignments were too difficult and not aligned with the material taught.,0
The lectures were monotonous and failed to capture my interest.,0
The instructor was often unprepared and lectures were disorganized.,0
"The course lacked practical examples, making it harder to understand concepts.",0
The instructor was not very approachable and seemed dismissive of questions.,0
"The online platform was frequently down, causing interruptions.",0
The instructor was often unprepared and lectures were disorganized.,0
The instructor was approachable and willing to clarify doubts.,1
Group discussions were engaging and facilitated deeper learning.,1
The course content was comprehensive and well-structured.,1
The lectures were monotonous and failed to capture my interest.,0
Assignments were relevant and helped in understanding the subject better.,1
"Overall, the course met my expectations and I learned a lot.",1
The instructor was approachable and willing to clarify doubts.,1
Group discussions were engaging and facilitated deeper learning.,1
"The online platform was frequently down, causing interruptions.",0
Feedback on assignments was delayed and lacked constructive comments.,0
The assignments were too difficult and not aligned with the material taught.,0
The instructor was not very approachable and seemed dismissive of questions.,0
The course content was comprehensive and well-structured.,1
"Overall, the course met my expectations and I learned a lot.",1
Some topics were rushed and not explained thoroughly.,0
"Overall, the course met my expectations and I learned a lot.",1
"There were frequent changes to the schedule, causing confusion.",0
"Overall, the course met my expectations and I learned a lot.",1
The instructor was often unprepared and lectures were disorganized.,0
The instructor was knowledgeable and explained concepts clearly.,1
Exams were fair and covered the material taught.,1
"The course lacked practical examples, making it harder to understand concepts.",0
Some topics were rushed and not explained thoroughly.,0
The instructor was knowledgeable and explained concepts clearly.,1
The instructor was not very approachable and seemed dismissive of questions.,0
"Overall, the course met my expectations and I learned a lot.",1
Supplementary materials provided were very helpful.,1
The lectures were monotonous and failed to capture my interest.,0
The instructor was not very approachable and seemed dismissive of questions.,0
The instructor was approachable and willing to clarify doubts.,1
"Overall, the course met my expectations and I learned a lot.",1
The grading system was unclear and felt unfair.,0
"There were frequent changes to the schedule, causing confusion.",0
"Overall, the course met my expectations and I learned a lot.",1
The instructor was knowledgeable and explained concepts clearly.,1
Assignments were relevant and helped in understanding the subject better.,1
The instructor was knowledgeable and explained concepts clearly.,1
Group discussions were engaging and facilitated deeper learning.,1
The instructor was not very approachable and seemed dismissive of questions.,0
The course content was comprehensive and well-structured.,1
Supplementary materials provided were very helpful.,1
Exams were fair and covered the material taught.,1
The instructor was knowledgeable and explained concepts clearly.,1
"There were frequent changes to the schedule, causing confusion.",0
Feedback on assignments was delayed and lacked constructive comments.,0
"The online platform was frequently down, causing interruptions.",0
Supplementary materials provided were very helpful.,1
The teaching methods were interactive and kept me engaged throughout.,1
The instructor was often unprepared and lectures were disorganized.,0
The instructor was knowledgeable and explained concepts clearly.,1
The grading system was unclear and felt unfair.,0
"The online platform was frequently down, causing interruptions.",0
The grading system was unclear and felt unfair.,0
The course content was comprehensive and well-structured.,1
The grading system was unclear and felt unfair.,0
"The course lacked practical examples, making it harder to understand concepts.",0
"There were frequent changes to the schedule, causing confusion.",0
The instructor was not very approachable and seemed dismissive of questions.,0
The course content was comprehensive and well-structured.,1
Some topics were rushed and not explained thoroughly.,0
The instructor was knowledgeable and explained concepts clearly.,1
The instructor was often unprepared and lectures were disorganized.,0
Some topics were rushed and not explained thoroughly.,0
The instructor was knowledgeable and explained concepts clearly.,1
The lectures were monotonous and failed to capture my interest.,0
"There were frequent changes to the schedule, causing confusion.",0
The teaching methods were interactive and kept me engaged throughout.,1
Exams were fair and covered the material taught.,1
The lectures were monotonous and failed to capture my interest.,0
Some topics were rushed and not explained thoroughly.,0
Assignments were relevant and helped in understanding the subject better.,1
The instructor was often unprepared and lectures were disorganized.,0
"The online platform was frequently down, causing interruptions.",0
The course content was comprehensive and well-structured.,1
The instructor was often unprepared and lectures were disorganized.,0
"There were frequent changes to the schedule, causing confusion.",0
The instructor was approachable and willing to clarify doubts.,1
The assignments were too difficult and not aligned with the material taught.,0
The course content was comprehensive and well-structured.,1
Feedback on assignments was delayed and lacked constructive comments.,0
The course content was comprehensive and well-structured.,1
The lectures were monotonous and failed to capture my interest.,0
"The course lacked practical examples, making it harder to understand concepts.",0
Assignments were relevant and helped in understanding the subject better.,1
"The course lacked practical examples, making it harder to understand concepts.",0
Assignments were relevant and helped in understanding the subject better.,1
The lectures were monotonous and failed to capture my interest.,0
Assignments were relevant and helped in understanding the subject better.,1
The instructor was not very approachable and seemed dismissive of questions.,0
The pace of the course was appropriate and allowed me to follow along easily.,1
The instructor was knowledgeable and explained concepts clearly.,1
The teaching methods were interactive and kept me engaged throughout.,1
The lectures were monotonous and failed to capture my interest.,0
"There were frequent changes to the schedule, causing confusion.",0
"The online platform was frequently down, causing interruptions.",0
The pace of the course was appropriate and allowed me to follow along easily.,1
The pace of the course was appropriate and allowed me to follow along easily.,1
The assignments were too difficult and not aligned with the material taught.,0
The instructor was knowledgeable and explained concepts clearly.,1
The instructor was knowledgeable and explained concepts clearly.,1
The lectures were monotonous and failed to capture my interest.,0
Exams were fair and covered the material taught.,1
The instructor was not very approachable and seemed dismissive of questions.,0
Group discussions were engaging and facilitated deeper learning.,1
"The online platform was frequently down, causing interruptions.",0
The course content was comprehensive and well-structured.,1
The pace of the course was appropriate and allowed me to follow along easily.,1
The pace of the course was appropriate and allowed me to follow along easily.,1
"The online platform was frequently down, causing interruptions.",0
The grading system was unclear and felt unfair.,0
Supplementary materials provided were very helpful.,1
The course content was comprehensive and well-structured.,1
Assignments were relevant and helped in understanding the subject better.,1
Feedback on assignments was delayed and lacked constructive comments.,0
The course content was comprehensive and well-structured.,1
The lectures were monotonous and failed to capture my interest.,0
The teaching methods were interactive and kept me engaged throughout.,1
"There were frequent changes to the schedule, causing confusion.",0
The teaching methods were interactive and kept me engaged throughout.,1
The instructor was approachable and willing to clarify doubts.,1
"The course lacked practical examples, making it harder to understand concepts.",0
The assignments were too difficult and not aligned with the material taught.,0
Assignments were relevant and helped in understanding the subject better.,1
The instructor was not very approachable and seemed dismissive of questions.,0
The assignments were too difficult and not aligned with the material taught.,0
The lectures were monotonous and failed to capture my interest.,0
"The course lacked practical examples, making it harder to understand concepts.",0
The assignments were too difficult and not aligned with the material taught.,0
The pace of the course was appropriate and allowed me to follow along easily.,1
The instructor was approachable and willing to clarify doubts.,1
Assignments were relevant and helped in understanding the subject better.,1
"There were frequent changes to the schedule, causing confusion.",0
"The course lacked practical examples, making it harder to understand concepts.",0
The pace of the course was appropriate and allowed me to follow along easily.,1
Supplementary materials provided were very helpful.,1
The lectures were monotonous and failed to capture my interest.,0
The teaching methods were interactive and kept me engaged throughout.,1
The instructor was not very approachable and seemed dismissive of questions.,0
The instructor was approachable and willing to clarify doubts.,1
Feedback on assignments was delayed and lacked constructive comments.,0
"There were frequent changes to the schedule, causing confusion.",0
"Overall, the course met my expectations and I learned a lot.",1
The assignments were too difficult and not aligned with the material taught.,0
Feedback on assignments was delayed and lacked constructive comments.,0
The assignments were too difficult and not aligned with the material taught.,0
"There were frequent changes to the schedule, causing confusion.",0
"There were frequent changes to the schedule, causing confusion.",0
Supplementary materials provided were very helpful.,1
The teaching methods were interactive and kept me engaged throughout.,1
The instructor was knowledgeable and explained concepts clearly.,1
Supplementary materials provided were very helpful.,1
The grading system was unclear and felt unfair.,0
Group discussions were engaging and facilitated deeper learning.,1
"The course lacked practical examples, making it harder to understand concepts.",0
The assignments were too difficult and not aligned with the material taught.,0
The assignments were too difficult and not aligned with the material taught.,0
The teaching methods were interactive and kept me engaged throughout.,1
The course content was comprehensive and well-structured.,1
"Overall, the course met my expectations and I learned a lot.",1
"The online platform was frequently down, causing interruptions.",0
Some topics were rushed and not explained thoroughly.,0
The grading system was unclear and felt unfair.,0
Some topics were rushed and not explained thoroughly.,0
The teaching methods were interactive and kept me engaged throughout.,1
The teaching methods were interactive and kept me engaged throughout.,1
Exams were fair and covered the material taught.,1
"The course lacked practical examples, making it harder to understand concepts.",0
"Overall, the course met my expectations and I learned a lot.",1
The instructor was not very approachable and seemed dismissive of questions.,0
The assignments were too difficult and not aligned with the material taught.,0
"There were frequent changes to the schedule, causing confusion.",0
Group discussions were engaging and facilitated deeper learning.,1
"There were frequent changes to the schedule, causing confusion.",0
The teaching methods were interactive and kept me engaged throughout.,1
"There were frequent changes to the schedule, causing confusion.",0
The grading system was unclear and felt unfair.,0
"There were frequent changes to the schedule, causing confusion.",0
The course content was comprehensive and well-structured.,1
The pace of the course was appropriate and allowed me to follow along easily.,1
The grading system was unclear and felt unfair.,0
Feedback on assignments was delayed and lacked constructive comments.,0
The teaching methods were interactive and kept me engaged throughout.,1
"The online platform was frequently down, causing interruptions.",0
"The course lacked practical examples, making it harder to understand concepts.",0
"There were frequent changes to the schedule, causing confusion.",0
Assignments were relevant and helped in understanding the subject better.,1
The pace of the course was appropriate and allowed me to follow along easily.,1
The instructor was often unprepared and lectures were disorganized.,0
The pace of the course was appropriate and allowed me to follow along easily.,1
The pace of the course was appropriate and allowed me to follow along easily.,1
The lectures were monotonous and failed to capture my interest.,0
Group discussions were engaging and facilitated deeper learning.,1
The instructor was knowledgeable and explained concepts clearly.,1
Exams were fair and covered the material taught.,1
Supplementary materials provided were very helpful.,1
"The online platform was frequently down, causing interruptions.",0
Group discussions were engaging and facilitated deeper learning.,1
The pace of the course was appropriate and allowed me to follow along easily.,1
The instructor was approachable and willing to clarify doubts.,1
The teaching methods were interactive and kept me engaged throughout.,1
The assignments were too difficult and not aligned with the material taught.,0
Feedback on assignments was delayed and lacked constructive comments.,0
"The course lacked practical examples, making it harder to understand concepts.",0
The lectures were monotonous and failed to capture my interest.,0
The instructor was often unprepared and lectures were disorganized.,0
Assignments were relevant and helped in understanding the subject better.,1
Exams were fair and covered the material taught.,1
The teaching methods were interactive and kept me engaged throughout.,1
"There were frequent changes to the schedule, causing confusion.",0
The lectures were monotonous and failed to capture my interest.,0
Group discussions were engaging and facilitated deeper learning.,1
The instructor was often unprepared and lectures were disorganized.,0
Supplementary materials provided were very helpful.,1
The instructor was not very approachable and seemed dismissive of questions.,0
Group discussions were engaging and facilitated deeper learning.,1
Assignments were relevant and helped in understanding the subject better.,1
Feedback on assignments was delayed and lacked constructive comments.,0
"The online platform was frequently down, causing interruptions.",0
The teaching methods were interactive and kept me engaged throughout.,1
The pace of the course was appropriate and allowed me to follow along easily.,1
Some topics were rushed and not explained thoroughly.,0
Feedback on assignments was delayed and lacked constructive comments.,0
"The online platform was frequently down, causing interruptions.",0
The instructor was approachable and willing to clarify doubts.,1
The instructor was not very approachable and seemed dismissive of questions.,0
The course content was comprehensive and well-structured.,1
The lectures were monotonous and failed to capture my interest.,0
Assignments were relevant and helped in understanding the subject better.,1
The instructor was approachable and willing to clarify doubts.,1
The instructor was not very approachable and seemed dismissive of questions.,0
The course content was comprehensive and well-structured.,1
Exams were fair and covered the material taught.,1
The pace of the course was appropriate and allowed me to follow along easily.,1
Exams were fair and covered the material taught.,1
Feedback on assignments was delayed and lacked constructive comments.,0
Supplementary materials provided were very helpful.,1
The instructor was not very approachable and seemed dismissive of questions.,0
Some topics were rushed and not explained thoroughly.,0
The lectures were monotonous and failed to capture my interest.,0
Some topics were rushed and not explained thoroughly.,0
The teaching methods were interactive and kept me engaged throughout.,1
"There were frequent changes to the schedule, causing confusion.",0
Feedback on assignments was delayed and lacked constructive comments.,0
The instructor was approachable and willing to clarify doubts.,1
"The online platform was frequently down, causing interruptions.",0
"The course lacked practical examples, making it harder to understand concepts.",0
The instructor was not very approachable and seemed dismissive of questions.,0
The pace of the course was appropriate and allowed me to follow along easily.,1
Group discussions were engaging and facilitated deeper learning.,1
The assignments were too difficult and not aligned with the material taught.,0
"The online platform was frequently down, causing interruptions.",0
The assignments were too difficult and not aligned with the material taught.,0
The assignments were too difficult and not aligned with the material taught.,0
The pace of the course was appropriate and allowed me to follow along easily.,1
The grading system was unclear and felt unfair.,0
The instructor was not very approachable and seemed dismissive of questions.,0
"Overall, the course met my expectations and I learned a lot.",1
"The online platform was frequently down, causing interruptions.",0
The course content was comprehensive and well-structured.,1
Exams were fair and covered the material taught.,1
The instructor was approachable and willing to clarify doubts.,1
Exams were fair and covered the material taught.,1
Feedback on assignments was delayed and lacked constructive comments.,0
The instructor was often unprepared and lectures were disorganized.,0
The pace of the course was appropriate and allowed me to follow along easily.,1
Exams were fair and covered the material taught.,1
The assignments were too difficult and not aligned with the material taught.,0
The instructor was not very approachable and seemed dismissive of questions.,0
Some topics were rushed and not explained thoroughly.,0
"The online platform was frequently down, causing interruptions.",0
The instructor was knowledgeable and explained concepts clearly.,1
Feedback on assignments was delayed and lacked constructive comments.,0
The instructor was often unprepared and lectures were disorganized.,0
"The online platform was frequently down, causing interruptions.",0
The instructor was approachable and willing to clarify doubts.,1
The instructor was knowledgeable and explained concepts clearly.,1
Group discussions were engaging and facilitated deeper learning.,1
The grading system was unclear and felt unfair.,0
"Overall, the course met my expectations and I learned a lot.",1
"There were frequent changes to the schedule, causing confusion.",0
"The course lacked practical examples, making it harder to understand concepts.",0
Assignments were relevant and helped in understanding the subject better.,1
Feedback on assignments was delayed and lacked constructive comments.,0
"The online platform was frequently down, causing interruptions.",0
The instructor was knowledgeable and explained concepts clearly.,1
Group discussions were engaging and facilitated deeper learning.,1
